Code Domaine,Domaine,Code zone,Zone,Code Élément,Élément,Code Produit,Produit,Code année,Année,Unité,Valeur,Symbole,Description du Symbole
"FS","Données de la sécurité alimentaire","2","Afghanistan","6126","Valeur","22013","PIB par habitant, ($ PPA internationaux constants de 2011)","2017","2017","I$","1804","X","Sources internationales sûres"
"FS","Données de la sécurité alimentaire","202","Afrique du Sud","6126","Valeur","22013","PIB par habitant, ($ PPA internationaux constants de 2011)","2017","2017","I$","12294.9","X","Sources internationales sûres"
"FS","Données de la sécurité alimentaire","3","Albanie","6126","Valeur","22013","PIB par habitant, ($ PPA internationaux constants de 2011)","2017","2017","I$","11803.4","X","Sources internationales sûres"
"FS","Données de la sécurité alimentaire","4","Algérie","6126","Valeur","22013","PIB par habitant, ($ PPA internationaux constants de 2011)","2017","2017","I$","13913.8","X","Sources internationales sûres"
"FS","Données de la sécurité alimentaire","79","Allemagne","6126","Valeur","22013","PIB par habitant, ($ PPA internationaux constants de 2011)","2017","2017","I$","45229.2","X","Sources internationales sûres"
"FS","Données de la sécurité alimentaire","7","Angola","6126","Valeur","22013","PIB par habitant, ($ PPA internationaux constants de 2011)","2017","2017","I$","5819.5","X","Sources internationales sûres"
"FS","Données de la sécurité alimentaire","8","Antigua-et-Barbuda","6126","Valeur","22013","PIB par habitant, ($ PPA internationaux constants de 2011)","2017","2017","I$","21490.9","X","Sources internationales sûres"
"FS","Données de la sécurité alimentaire","194","Arabie saoudite","6126","Valeur","22013","PIB par habitant, ($ PPA internationaux constants de 2011)","2017","2017","I$","49045.4","X","Sources internationales sûres"
"FS","Données de la sécurité alimentaire","9","Argentine","6126","Valeur","22013","PIB par habitant, ($ PPA internationaux constants de 2011)","2017","2017","I$","18933.9","X","Sources internationales sûres"
"FS","Données de la sécurité alimentaire","1","Arménie","6126","Valeur","22013","PIB par habitant, ($ PPA internationaux constants de 2011)","2017","2017","I$","8787.6","X","Sources internationales sûres"
"FS","Données de la sécurité alimentaire","10","Australie","6126","Valeur","22013","PIB par habitant, ($ PPA internationaux constants de 2011)","2017","2017","I$","44648.7","X","Sources internationales sûres"
"FS","Données de la sécurité alimentaire","11","Autriche","6126","Valeur","22013","PIB par habitant, ($ PPA internationaux constants de 2011)","2017","2017","I$","45436.7","X","Sources internationales sûres"
"FS","Données de la sécurité alimentaire","52","Azerbaïdjan","6126","Valeur","22013","PIB par habitant, ($ PPA internationaux constants de 2011)","2017","2017","I$","15847.4","X","Sources internationales sûres"
"FS","Données de la sécurité alimentaire","12","Bahamas","6126","Valeur","22013","PIB par habitant, ($ PPA internationaux constants de 2011)","2017","2017","I$","27717.8","X","Sources internationales sûres"
"FS","Données de la sécurité alimentaire","13","Bahreïn","6126","Valeur","22013","PIB par habitant, ($ PPA internationaux constants de 2011)","2017","2017","I$","43290.7","X","Sources internationales sûres"
"FS","Données de la sécurité alimentaire","16","Bangladesh","6126","Valeur","22013","PIB par habitant, ($ PPA internationaux constants de 2011)","2017","2017","I$","3524","X","Sources internationales sûres"
"FS","Données de la sécurité alimentaire","14","Barbade","6126","Valeur","22013","PIB par habitant, ($ PPA internationaux constants de 2011)","2017","2017","I$","16978.1","X","Sources internationales sûres"
"FS","Données de la sécurité alimentaire","57","Bélarus","6126","Valeur","22013","PIB par habitant, ($ PPA internationaux constants de 2011)","2017","2017","I$","17168","X","Sources internationales sûres"
"FS","Données de la sécurité alimentaire","255","Belgique","6126","Valeur","22013","PIB par habitant, ($ PPA internationaux constants de 2011)","2017","2017","I$","42658.6","X","Sources internationales sûres"
"FS","Données de la sécurité alimentaire","23","Belize","6126","Valeur","22013","PIB par habitant, ($ PPA internationaux constants de 2011)","2017","2017","I$","7824.4","X","Sources internationales sûres"
"FS","Données de la sécurité alimentaire","53","Bénin","6126","Valeur","22013","PIB par habitant, ($ PPA internationaux constants de 2011)","2017","2017","I$","2064.2","X","Sources internationales sûres"
"FS","Données de la sécurité alimentaire","18","Bhoutan","6126","Valeur","22013","PIB par habitant, ($ PPA internationaux constants de 2011)","2017","2017","I$","8708.6","X","Sources internationales sûres"
"FS","Données de la sécurité alimentaire","19","Bolivie (État plurinational de)","6126","Valeur","22013","PIB par habitant, ($ PPA internationaux constants de 2011)","2017","2017","I$","6885.8","X","Sources internationales sûres"
"FS","Données de la sécurité alimentaire","80","Bosnie-Herzégovine","6126","Valeur","22013","PIB par habitant, ($ PPA internationaux constants de 2011)","2017","2017","I$","11713.9","X","Sources internationales sûres"
"FS","Données de la sécurité alimentaire","20","Botswana","6126","Valeur","22013","PIB par habitant, ($ PPA internationaux constants de 2011)","2017","2017","I$","15807.4","X","Sources internationales sûres"
"FS","Données de la sécurité alimentaire","21","Brésil","6126","Valeur","22013","PIB par habitant, ($ PPA internationaux constants de 2011)","2017","2017","I$","14103.5","X","Sources internationales sûres"
"FS","Données de la sécurité alimentaire","26","Brunéi Darussalam","6126","Valeur","22013","PIB par habitant, ($ PPA internationaux constants de 2011)","2017","2017","I$","71809.3","X","Sources internationales sûres"
"FS","Données de la sécurité alimentaire","27","Bulgarie","6126","Valeur","22013","PIB par habitant, ($ PPA internationaux constants de 2011)","2017","2017","I$","18563.3","X","Sources internationales sûres"
"FS","Données de la sécurité alimentaire","233","Burkina Faso","6126","Valeur","22013","PIB par habitant, ($ PPA internationaux constants de 2011)","2017","2017","I$","1703.1","X","Sources internationales sûres"
"FS","Données de la sécurité alimentaire","29","Burundi","6126","Valeur","22013","PIB par habitant, ($ PPA internationaux constants de 2011)","2017","2017","I$","702.2","X","Sources internationales sûres"
"FS","Données de la sécurité alimentaire","35","Cabo Verde","6126","Valeur","22013","PIB par habitant, ($ PPA internationaux constants de 2011)","2017","2017","I$","6222.6","X","Sources internationales sûres"
"FS","Données de la sécurité alimentaire","115","Cambodge","6126","Valeur","22013","PIB par habitant, ($ PPA internationaux constants de 2011)","2017","2017","I$","3645.1","X","Sources internationales sûres"
"FS","Données de la sécurité alimentaire","32","Cameroun","6126","Valeur","22013","PIB par habitant, ($ PPA internationaux constants de 2011)","2017","2017","I$","3364.9","X","Sources internationales sûres"
"FS","Données de la sécurité alimentaire","33","Canada","6126","Valeur","22013","PIB par habitant, ($ PPA internationaux constants de 2011)","2017","2017","I$","44017.6","X","Sources internationales sûres"
"FS","Données de la sécurité alimentaire","40","Chili","6126","Valeur","22013","PIB par habitant, ($ PPA internationaux constants de 2011)","2017","2017","I$","22767","X","Sources internationales sûres"
"FS","Données de la sécurité alimentaire","351","Chine","6126","Valeur","22013","PIB par habitant, ($ PPA internationaux constants de 2011)","2017","2017","I$","15559.7","X","Sources internationales sûres"
"FS","Données de la sécurité alimentaire","96","Chine - RAS de Hong-Kong","6126","Valeur","22013","PIB par habitant, ($ PPA internationaux constants de 2011)","2017","2017","I$","56054.9","X","Sources internationales sûres"
"FS","Données de la sécurité alimentaire","128","Chine - RAS de Macao","6126","Valeur","22013","PIB par habitant, ($ PPA internationaux constants de 2011)","2017","2017","I$","104862","X","Sources internationales sûres"
"FS","Données de la sécurité alimentaire","41","Chine, continentale","6126","Valeur","22013","PIB par habitant, ($ PPA internationaux constants de 2011)","2017","2017","I$","15308.7","X","Sources internationales sûres"
"FS","Données de la sécurité alimentaire","50","Chypre","6126","Valeur","22013","PIB par habitant, ($ PPA internationaux constants de 2011)","2017","2017","I$","32415.1","X","Sources internationales sûres"
"FS","Données de la sécurité alimentaire","44","Colombie","6126","Valeur","22013","PIB par habitant, ($ PPA internationaux constants de 2011)","2017","2017","I$","13254.9","X","Sources internationales sûres"
"FS","Données de la sécurité alimentaire","45","Comores","6126","Valeur","22013","PIB par habitant, ($ PPA internationaux constants de 2011)","2017","2017","I$","1413.9","X","Sources internationales sûres"
"FS","Données de la sécurité alimentaire","46","Congo","6126","Valeur","22013","PIB par habitant, ($ PPA internationaux constants de 2011)","2017","2017","I$","4881.4","X","Sources internationales sûres"
"FS","Données de la sécurité alimentaire","48","Costa Rica","6126","Valeur","22013","PIB par habitant, ($ PPA internationaux constants de 2011)","2017","2017","I$","15525","X","Sources internationales sûres"
"FS","Données de la sécurité alimentaire","107","Côte d'Ivoire","6126","Valeur","22013","PIB par habitant, ($ PPA internationaux constants de 2011)","2017","2017","I$","3601","X","Sources internationales sûres"
"FS","Données de la sécurité alimentaire","98","Croatie","6126","Valeur","22013","PIB par habitant, ($ PPA internationaux constants de 2011)","2017","2017","I$","22669.8","X","Sources internationales sûres"
"FS","Données de la sécurité alimentaire","54","Danemark","6126","Valeur","22013","PIB par habitant, ($ PPA internationaux constants de 2011)","2017","2017","I$","46682.5","X","Sources internationales sûres"
"FS","Données de la sécurité alimentaire","55","Dominique","6126","Valeur","22013","PIB par habitant, ($ PPA internationaux constants de 2011)","2017","2017","I$","9673.4","X","Sources internationales sûres"
"FS","Données de la sécurité alimentaire","59","Égypte","6126","Valeur","22013","PIB par habitant, ($ PPA internationaux constants de 2011)","2017","2017","I$","10550.2","X","Sources internationales sûres"
"FS","Données de la sécurité alimentaire","60","El Salvador","6126","Valeur","22013","PIB par habitant, ($ PPA internationaux constants de 2011)","2017","2017","I$","7292.5","X","Sources internationales sûres"
"FS","Données de la sécurité alimentaire","225","Émirats arabes unis","6126","Valeur","22013","PIB par habitant, ($ PPA internationaux constants de 2011)","2017","2017","I$","67293.5","X","Sources internationales sûres"
"FS","Données de la sécurité alimentaire","58","Équateur","6126","Valeur","22013","PIB par habitant, ($ PPA internationaux constants de 2011)","2017","2017","I$","10581.9","X","Sources internationales sûres"
"FS","Données de la sécurité alimentaire","203","Espagne","6126","Valeur","22013","PIB par habitant, ($ PPA internationaux constants de 2011)","2017","2017","I$","34272.4","X","Sources internationales sûres"
"FS","Données de la sécurité alimentaire","63","Estonie","6126","Valeur","22013","PIB par habitant, ($ PPA internationaux constants de 2011)","2017","2017","I$","29481.3","X","Sources internationales sûres"
"FS","Données de la sécurité alimentaire","209","Eswatini","6126","Valeur","22013","PIB par habitant, ($ PPA internationaux constants de 2011)","2017","2017","I$","7739","X","Sources internationales sûres"
"FS","Données de la sécurité alimentaire","231","États-Unis d'Amérique","6126","Valeur","22013","PIB par habitant, ($ PPA internationaux constants de 2011)","2017","2017","I$","54225.4","X","Sources internationales sûres"
"FS","Données de la sécurité alimentaire","238","Éthiopie","6126","Valeur","22013","PIB par habitant, ($ PPA internationaux constants de 2011)","2017","2017","I$","1729.9","X","Sources internationales sûres"
"FS","Données de la sécurité alimentaire","185","Fédération de Russie","6126","Valeur","22013","PIB par habitant, ($ PPA internationaux constants de 2011)","2017","2017","I$","24766","X","Sources internationales sûres"
"FS","Données de la sécurité alimentaire","66","Fidji","6126","Valeur","22013","PIB par habitant, ($ PPA internationaux constants de 2011)","2017","2017","I$","8703","X","Sources internationales sûres"
"FS","Données de la sécurité alimentaire","67","Finlande","6126","Valeur","22013","PIB par habitant, ($ PPA internationaux constants de 2011)","2017","2017","I$","40585.7","X","Sources internationales sûres"
"FS","Données de la sécurité alimentaire","68","France","6126","Valeur","22013","PIB par habitant, ($ PPA internationaux constants de 2011)","2017","2017","I$","38605.7","X","Sources internationales sûres"
"FS","Données de la sécurité alimentaire","74","Gabon","6126","Valeur","22013","PIB par habitant, ($ PPA internationaux constants de 2011)","2017","2017","I$","16562.4","X","Sources internationales sûres"
"FS","Données de la sécurité alimentaire","75","Gambie","6126","Valeur","22013","PIB par habitant, ($ PPA internationaux constants de 2011)","2017","2017","I$","1561.8","X","Sources internationales sûres"
"FS","Données de la sécurité alimentaire","73","Géorgie","6126","Valeur","22013","PIB par habitant, ($ PPA internationaux constants de 2011)","2017","2017","I$","9745.1","X","Sources internationales sûres"
"FS","Données de la sécurité alimentaire","81","Ghana","6126","Valeur","22013","PIB par habitant, ($ PPA internationaux constants de 2011)","2017","2017","I$","4227.6","X","Sources internationales sûres"
"FS","Données de la sécurité alimentaire","84","Grèce","6126","Valeur","22013","PIB par habitant, ($ PPA internationaux constants de 2011)","2017","2017","I$","24574.4","X","Sources internationales sûres"
"FS","Données de la sécurité alimentaire","86","Grenade","6126","Valeur","22013","PIB par habitant, ($ PPA internationaux constants de 2011)","2017","2017","I$","13593.9","X","Sources internationales sûres"
"FS","Données de la sécurité alimentaire","89","Guatemala","6126","Valeur","22013","PIB par habitant, ($ PPA internationaux constants de 2011)","2017","2017","I$","7423.8","X","Sources internationales sûres"
"FS","Données de la sécurité alimentaire","90","Guinée","6126","Valeur","22013","PIB par habitant, ($ PPA internationaux constants de 2011)","2017","2017","I$","2081.1","X","Sources internationales sûres"
"FS","Données de la sécurité alimentaire","61","Guinée équatoriale","6126","Valeur","22013","PIB par habitant, ($ PPA internationaux constants de 2011)","2017","2017","I$","22604.9","X","Sources internationales sûres"
"FS","Données de la sécurité alimentaire","175","Guinée-Bissau","6126","Valeur","22013","PIB par habitant, ($ PPA internationaux constants de 2011)","2017","2017","I$","1548.7","X","Sources internationales sûres"
"FS","Données de la sécurité alimentaire","91","Guyana","6126","Valeur","22013","PIB par habitant, ($ PPA internationaux constants de 2011)","2017","2017","I$","7435","X","Sources internationales sûres"
"FS","Données de la sécurité alimentaire","93","Haïti","6126","Valeur","22013","PIB par habitant, ($ PPA internationaux constants de 2011)","2017","2017","I$","1653.2","X","Sources internationales sûres"
"FS","Données de la sécurité alimentaire","95","Honduras","6126","Valeur","22013","PIB par habitant, ($ PPA internationaux constants de 2011)","2017","2017","I$","4541.8","X","Sources internationales sûres"
"FS","Données de la sécurité alimentaire","97","Hongrie","6126","Valeur","22013","PIB par habitant, ($ PPA internationaux constants de 2011)","2017","2017","I$","26777.6","X","Sources internationales sûres"
"FS","Données de la sécurité alimentaire","127","Îles Marshall","6126","Valeur","22013","PIB par habitant, ($ PPA internationaux constants de 2011)","2017","2017","I$","3819.2","X","Sources internationales sûres"
"FS","Données de la sécurité alimentaire","25","Îles Salomon","6126","Valeur","22013","PIB par habitant, ($ PPA internationaux constants de 2011)","2017","2017","I$","2205.9","X","Sources internationales sûres"
"FS","Données de la sécurité alimentaire","100","Inde","6126","Valeur","22013","PIB par habitant, ($ PPA internationaux constants de 2011)","2017","2017","I$","6426.7","X","Sources internationales sûres"
"FS","Données de la sécurité alimentaire","101","Indonésie","6126","Valeur","22013","PIB par habitant, ($ PPA internationaux constants de 2011)","2017","2017","I$","11188.7","X","Sources internationales sûres"
"FS","Données de la sécurité alimentaire","102","Iran (République islamique d')","6126","Valeur","22013","PIB par habitant, ($ PPA internationaux constants de 2011)","2017","2017","I$","19082.6","X","Sources internationales sûres"
"FS","Données de la sécurité alimentaire","103","Iraq","6126","Valeur","22013","PIB par habitant, ($ PPA internationaux constants de 2011)","2017","2017","I$","15664","X","Sources internationales sûres"
"FS","Données de la sécurité alimentaire","104","Irlande","6126","Valeur","22013","PIB par habitant, ($ PPA internationaux constants de 2011)","2017","2017","I$","67335.3","X","Sources internationales sûres"
"FS","Données de la sécurité alimentaire","99","Islande","6126","Valeur","22013","PIB par habitant, ($ PPA internationaux constants de 2011)","2017","2017","I$","46483","X","Sources internationales sûres"
"FS","Données de la sécurité alimentaire","105","Israël","6126","Valeur","22013","PIB par habitant, ($ PPA internationaux constants de 2011)","2017","2017","I$","33132.3","X","Sources internationales sûres"
"FS","Données de la sécurité alimentaire","106","Italie","6126","Valeur","22013","PIB par habitant, ($ PPA internationaux constants de 2011)","2017","2017","I$","35220.1","X","Sources internationales sûres"
"FS","Données de la sécurité alimentaire","109","Jamaïque","6126","Valeur","22013","PIB par habitant, ($ PPA internationaux constants de 2011)","2017","2017","I$","8193.6","X","Sources internationales sûres"
"FS","Données de la sécurité alimentaire","110","Japon","6126","Valeur","22013","PIB par habitant, ($ PPA internationaux constants de 2011)","2017","2017","I$","39002.2","X","Sources internationales sûres"
"FS","Données de la sécurité alimentaire","112","Jordanie","6126","Valeur","22013","PIB par habitant, ($ PPA internationaux constants de 2011)","2017","2017","I$","8337.5","X","Sources internationales sûres"
"FS","Données de la sécurité alimentaire","108","Kazakhstan","6126","Valeur","22013","PIB par habitant, ($ PPA internationaux constants de 2011)","2017","2017","I$","24055.6","X","Sources internationales sûres"
"FS","Données de la sécurité alimentaire","114","Kenya","6126","Valeur","22013","PIB par habitant, ($ PPA internationaux constants de 2011)","2017","2017","I$","2993","X","Sources internationales sûres"
"FS","Données de la sécurité alimentaire","113","Kirghizistan","6126","Valeur","22013","PIB par habitant, ($ PPA internationaux constants de 2011)","2017","2017","I$","3393.5","X","Sources internationales sûres"
"FS","Données de la sécurité alimentaire","83","Kiribati","6126","Valeur","22013","PIB par habitant, ($ PPA internationaux constants de 2011)","2017","2017","I$","1981.1","X","Sources internationales sûres"
"FS","Données de la sécurité alimentaire","118","Koweït","6126","Valeur","22013","PIB par habitant, ($ PPA internationaux constants de 2011)","2017","2017","I$","65530.5","X","Sources internationales sûres"
"FS","Données de la sécurité alimentaire","122","Lesotho","6126","Valeur","22013","PIB par habitant, ($ PPA internationaux constants de 2011)","2017","2017","I$","2851.2","X","Sources internationales sûres"
"FS","Données de la sécurité alimentaire","119","Lettonie","6126","Valeur","22013","PIB par habitant, ($ PPA internationaux constants de 2011)","2017","2017","I$","25063.8","X","Sources internationales sûres"
"FS","Données de la sécurité alimentaire","154","l'ex-République yougoslave de Macédoine","6126","Valeur","22013","PIB par habitant, ($ PPA internationaux constants de 2011)","2017","2017","I$","13111.2","X","Sources internationales sûres"
"FS","Données de la sécurité alimentaire","121","Liban","6126","Valeur","22013","PIB par habitant, ($ PPA internationaux constants de 2011)","2017","2017","I$","13367.6","X","Sources internationales sûres"
"FS","Données de la sécurité alimentaire","123","Libéria","6126","Valeur","22013","PIB par habitant, ($ PPA internationaux constants de 2011)","2017","2017","I$","752.8","X","Sources internationales sûres"
"FS","Données de la sécurité alimentaire","124","Libye","6126","Valeur","22013","PIB par habitant, ($ PPA internationaux constants de 2011)","2017","2017","I$","17881.5","X","Sources internationales sûres"
"FS","Données de la sécurité alimentaire","126","Lituanie","6126","Valeur","22013","PIB par habitant, ($ PPA internationaux constants de 2011)","2017","2017","I$","29524.3","X","Sources internationales sûres"
"FS","Données de la sécurité alimentaire","256","Luxembourg","6126","Valeur","22013","PIB par habitant, ($ PPA internationaux constants de 2011)","2017","2017","I$","94278","X","Sources internationales sûres"
"FS","Données de la sécurité alimentaire","129","Madagascar","6126","Valeur","22013","PIB par habitant, ($ PPA internationaux constants de 2011)","2017","2017","I$","1416.4","X","Sources internationales sûres"
"FS","Données de la sécurité alimentaire","131","Malaisie","6126","Valeur","22013","PIB par habitant, ($ PPA internationaux constants de 2011)","2017","2017","I$","26808.2","X","Sources internationales sûres"
"FS","Données de la sécurité alimentaire","130","Malawi","6126","Valeur","22013","PIB par habitant, ($ PPA internationaux constants de 2011)","2017","2017","I$","1095","X","Sources internationales sûres"
"FS","Données de la sécurité alimentaire","132","Maldives","6126","Valeur","22013","PIB par habitant, ($ PPA internationaux constants de 2011)","2017","2017","I$","15183.6","X","Sources internationales sûres"
"FS","Données de la sécurité alimentaire","133","Mali","6126","Valeur","22013","PIB par habitant, ($ PPA internationaux constants de 2011)","2017","2017","I$","2014.3","X","Sources internationales sûres"
"FS","Données de la sécurité alimentaire","134","Malte","6126","Valeur","22013","PIB par habitant, ($ PPA internationaux constants de 2011)","2017","2017","I$","36513.3","X","Sources internationales sûres"
"FS","Données de la sécurité alimentaire","143","Maroc","6126","Valeur","22013","PIB par habitant, ($ PPA internationaux constants de 2011)","2017","2017","I$","7485","X","Sources internationales sûres"
"FS","Données de la sécurité alimentaire","137","Maurice","6126","Valeur","22013","PIB par habitant, ($ PPA internationaux constants de 2011)","2017","2017","I$","20292.7","X","Sources internationales sûres"
"FS","Données de la sécurité alimentaire","136","Mauritanie","6126","Valeur","22013","PIB par habitant, ($ PPA internationaux constants de 2011)","2017","2017","I$","3597.6","X","Sources internationales sûres"
"FS","Données de la sécurité alimentaire","138","Mexique","6126","Valeur","22013","PIB par habitant, ($ PPA internationaux constants de 2011)","2017","2017","I$","17336.5","X","Sources internationales sûres"
"FS","Données de la sécurité alimentaire","145","Micronésie (États fédérés de)","6126","Valeur","22013","PIB par habitant, ($ PPA internationaux constants de 2011)","2017","2017","I$","3299.5","X","Sources internationales sûres"
"FS","Données de la sécurité alimentaire","141","Mongolie","6126","Valeur","22013","PIB par habitant, ($ PPA internationaux constants de 2011)","2017","2017","I$","11840.8","X","Sources internationales sûres"
"FS","Données de la sécurité alimentaire","273","Monténégro","6126","Valeur","22013","PIB par habitant, ($ PPA internationaux constants de 2011)","2017","2017","I$","16409.3","X","Sources internationales sûres"
"FS","Données de la sécurité alimentaire","144","Mozambique","6126","Valeur","22013","PIB par habitant, ($ PPA internationaux constants de 2011)","2017","2017","I$","1136.1","X","Sources internationales sûres"
"FS","Données de la sécurité alimentaire","28","Myanmar","6126","Valeur","22013","PIB par habitant, ($ PPA internationaux constants de 2011)","2017","2017","I$","5591.6","X","Sources internationales sûres"
"FS","Données de la sécurité alimentaire","148","Nauru","6126","Valeur","22013","PIB par habitant, ($ PPA internationaux constants de 2011)","2017","2017","I$","12895.6","X","Sources internationales sûres"
"FS","Données de la sécurité alimentaire","149","Népal","6126","Valeur","22013","PIB par habitant, ($ PPA internationaux constants de 2011)","2017","2017","I$","2442.8","X","Sources internationales sûres"
"FS","Données de la sécurité alimentaire","157","Nicaragua","6126","Valeur","22013","PIB par habitant, ($ PPA internationaux constants de 2011)","2017","2017","I$","5321.4","X","Sources internationales sûres"
"FS","Données de la sécurité alimentaire","158","Niger","6126","Valeur","22013","PIB par habitant, ($ PPA internationaux constants de 2011)","2017","2017","I$","926","X","Sources internationales sûres"
"FS","Données de la sécurité alimentaire","159","Nigéria","6126","Valeur","22013","PIB par habitant, ($ PPA internationaux constants de 2011)","2017","2017","I$","5338.5","X","Sources internationales sûres"
"FS","Données de la sécurité alimentaire","162","Norvège","6126","Valeur","22013","PIB par habitant, ($ PPA internationaux constants de 2011)","2017","2017","I$","64800.1","X","Sources internationales sûres"
"FS","Données de la sécurité alimentaire","156","Nouvelle-Zélande","6126","Valeur","22013","PIB par habitant, ($ PPA internationaux constants de 2011)","2017","2017","I$","36085.8","X","Sources internationales sûres"
"FS","Données de la sécurité alimentaire","221","Oman","6126","Valeur","22013","PIB par habitant, ($ PPA internationaux constants de 2011)","2017","2017","I$","37960.7","X","Sources internationales sûres"
"FS","Données de la sécurité alimentaire","226","Ouganda","6126","Valeur","22013","PIB par habitant, ($ PPA internationaux constants de 2011)","2017","2017","I$","1697.7","X","Sources internationales sûres"
"FS","Données de la sécurité alimentaire","235","Ouzbékistan","6126","Valeur","22013","PIB par habitant, ($ PPA internationaux constants de 2011)","2017","2017","I$","6253.1","X","Sources internationales sûres"
"FS","Données de la sécurité alimentaire","165","Pakistan","6126","Valeur","22013","PIB par habitant, ($ PPA internationaux constants de 2011)","2017","2017","I$","5034.7","X","Sources internationales sûres"
"FS","Données de la sécurité alimentaire","180","Palaos","6126","Valeur","22013","PIB par habitant, ($ PPA internationaux constants de 2011)","2017","2017","I$","13240.4","X","Sources internationales sûres"
"FS","Données de la sécurité alimentaire","166","Panama","6126","Valeur","22013","PIB par habitant, ($ PPA internationaux constants de 2011)","2017","2017","I$","22267","X","Sources internationales sûres"
"FS","Données de la sécurité alimentaire","168","Papouasie-Nouvelle-Guinée","6126","Valeur","22013","PIB par habitant, ($ PPA internationaux constants de 2011)","2017","2017","I$","3823.2","X","Sources internationales sûres"
"FS","Données de la sécurité alimentaire","169","Paraguay","6126","Valeur","22013","PIB par habitant, ($ PPA internationaux constants de 2011)","2017","2017","I$","8827","X","Sources internationales sûres"
"FS","Données de la sécurité alimentaire","150","Pays-Bas","6126","Valeur","22013","PIB par habitant, ($ PPA internationaux constants de 2011)","2017","2017","I$","48472.5","X","Sources internationales sûres"
"FS","Données de la sécurité alimentaire","170","Pérou","6126","Valeur","22013","PIB par habitant, ($ PPA internationaux constants de 2011)","2017","2017","I$","12236.7","X","Sources internationales sûres"
"FS","Données de la sécurité alimentaire","171","Philippines","6126","Valeur","22013","PIB par habitant, ($ PPA internationaux constants de 2011)","2017","2017","I$","7599.2","X","Sources internationales sûres"
"FS","Données de la sécurité alimentaire","173","Pologne","6126","Valeur","22013","PIB par habitant, ($ PPA internationaux constants de 2011)","2017","2017","I$","27216.4","X","Sources internationales sûres"
"FS","Données de la sécurité alimentaire","174","Portugal","6126","Valeur","22013","PIB par habitant, ($ PPA internationaux constants de 2011)","2017","2017","I$","27936.9","X","Sources internationales sûres"
"FS","Données de la sécurité alimentaire","179","Qatar","6126","Valeur","22013","PIB par habitant, ($ PPA internationaux constants de 2011)","2017","2017","I$","116936","X","Sources internationales sûres"
"FS","Données de la sécurité alimentaire","37","République centrafricaine","6126","Valeur","22013","PIB par habitant, ($ PPA internationaux constants de 2011)","2017","2017","I$","661.2","X","Sources internationales sûres"
"FS","Données de la sécurité alimentaire","117","République de Corée","6126","Valeur","22013","PIB par habitant, ($ PPA internationaux constants de 2011)","2017","2017","I$","35938.4","X","Sources internationales sûres"
"FS","Données de la sécurité alimentaire","146","République de Moldova","6126","Valeur","22013","PIB par habitant, ($ PPA internationaux constants de 2011)","2017","2017","I$","5190","X","Sources internationales sûres"
"FS","Données de la sécurité alimentaire","250","République démocratique du Congo","6126","Valeur","22013","PIB par habitant, ($ PPA internationaux constants de 2011)","2017","2017","I$","808.1","X","Sources internationales sûres"
"FS","Données de la sécurité alimentaire","120","République démocratique populaire lao","6126","Valeur","22013","PIB par habitant, ($ PPA internationaux constants de 2011)","2017","2017","I$","6397.4","X","Sources internationales sûres"
"FS","Données de la sécurité alimentaire","56","République dominicaine","6126","Valeur","22013","PIB par habitant, ($ PPA internationaux constants de 2011)","2017","2017","I$","14600.9","X","Sources internationales sûres"
"FS","Données de la sécurité alimentaire","215","République-Unie de Tanzanie","6126","Valeur","22013","PIB par habitant, ($ PPA internationaux constants de 2011)","2017","2017","I$","2683.3","X","Sources internationales sûres"
"FS","Données de la sécurité alimentaire","183","Roumanie","6126","Valeur","22013","PIB par habitant, ($ PPA internationaux constants de 2011)","2017","2017","I$","23313.2","X","Sources internationales sûres"
"FS","Données de la sécurité alimentaire","229","Royaume-Uni","6126","Valeur","22013","PIB par habitant, ($ PPA internationaux constants de 2011)","2017","2017","I$","39753.2","X","Sources internationales sûres"
"FS","Données de la sécurité alimentaire","184","Rwanda","6126","Valeur","22013","PIB par habitant, ($ PPA internationaux constants de 2011)","2017","2017","I$","1854.2","X","Sources internationales sûres"
"FS","Données de la sécurité alimentaire","189","Sainte-Lucie","6126","Valeur","22013","PIB par habitant, ($ PPA internationaux constants de 2011)","2017","2017","I$","12951.8","X","Sources internationales sûres"
"FS","Données de la sécurité alimentaire","188","Saint-Kitts-et-Nevis","6126","Valeur","22013","PIB par habitant, ($ PPA internationaux constants de 2011)","2017","2017","I$","24654.4","X","Sources internationales sûres"
"FS","Données de la sécurité alimentaire","191","Saint-Vincent-et-les Grenadines","6126","Valeur","22013","PIB par habitant, ($ PPA internationaux constants de 2011)","2017","2017","I$","10727.1","X","Sources internationales sûres"
"FS","Données de la sécurité alimentaire","244","Samoa","6126","Valeur","22013","PIB par habitant, ($ PPA internationaux constants de 2011)","2017","2017","I$","6021.6","X","Sources internationales sûres"
"FS","Données de la sécurité alimentaire","193","Sao Tomé-et-Principe","6126","Valeur","22013","PIB par habitant, ($ PPA internationaux constants de 2011)","2017","2017","I$","3052.7","X","Sources internationales sûres"
"FS","Données de la sécurité alimentaire","195","Sénégal","6126","Valeur","22013","PIB par habitant, ($ PPA internationaux constants de 2011)","2017","2017","I$","2470.6","X","Sources internationales sûres"
"FS","Données de la sécurité alimentaire","272","Serbie","6126","Valeur","22013","PIB par habitant, ($ PPA internationaux constants de 2011)","2017","2017","I$","14048.9","X","Sources internationales sûres"
"FS","Données de la sécurité alimentaire","196","Seychelles","6126","Valeur","22013","PIB par habitant, ($ PPA internationaux constants de 2011)","2017","2017","I$","26382.3","X","Sources internationales sûres"
"FS","Données de la sécurité alimentaire","197","Sierra Leone","6126","Valeur","22013","PIB par habitant, ($ PPA internationaux constants de 2011)","2017","2017","I$","1390.3","X","Sources internationales sûres"
"FS","Données de la sécurité alimentaire","200","Singapour","6126","Valeur","22013","PIB par habitant, ($ PPA internationaux constants de 2011)","2017","2017","I$","85535.4","X","Sources internationales sûres"
"FS","Données de la sécurité alimentaire","199","Slovaquie","6126","Valeur","22013","PIB par habitant, ($ PPA internationaux constants de 2011)","2017","2017","I$","30155.2","X","Sources internationales sûres"
"FS","Données de la sécurité alimentaire","198","Slovénie","6126","Valeur","22013","PIB par habitant, ($ PPA internationaux constants de 2011)","2017","2017","I$","31400.8","X","Sources internationales sûres"
"FS","Données de la sécurité alimentaire","276","Soudan","6126","Valeur","22013","PIB par habitant, ($ PPA internationaux constants de 2011)","2017","2017","I$","4466.5","X","Sources internationales sûres"
"FS","Données de la sécurité alimentaire","38","Sri Lanka","6126","Valeur","22013","PIB par habitant, ($ PPA internationaux constants de 2011)","2017","2017","I$","11669.1","X","Sources internationales sûres"
"FS","Données de la sécurité alimentaire","210","Suède","6126","Valeur","22013","PIB par habitant, ($ PPA internationaux constants de 2011)","2017","2017","I$","46949.3","X","Sources internationales sûres"
"FS","Données de la sécurité alimentaire","211","Suisse","6126","Valeur","22013","PIB par habitant, ($ PPA internationaux constants de 2011)","2017","2017","I$","57410.2","X","Sources internationales sûres"
"FS","Données de la sécurité alimentaire","207","Suriname","6126","Valeur","22013","PIB par habitant, ($ PPA internationaux constants de 2011)","2017","2017","I$","13767.1","X","Sources internationales sûres"
"FS","Données de la sécurité alimentaire","208","Tadjikistan","6126","Valeur","22013","PIB par habitant, ($ PPA internationaux constants de 2011)","2017","2017","I$","2896.9","X","Sources internationales sûres"
"FS","Données de la sécurité alimentaire","39","Tchad","6126","Valeur","22013","PIB par habitant, ($ PPA internationaux constants de 2011)","2017","2017","I$","1768.2","X","Sources internationales sûres"
"FS","Données de la sécurité alimentaire","167","Tchéquie (la)","6126","Valeur","22013","PIB par habitant, ($ PPA internationaux constants de 2011)","2017","2017","I$","32605.9","X","Sources internationales sûres"
"FS","Données de la sécurité alimentaire","299","Territoire palestinien occupé","6126","Valeur","22013","PIB par habitant, ($ PPA internationaux constants de 2011)","2017","2017","I$","4449.9","X","Sources internationales sûres"
"FS","Données de la sécurité alimentaire","216","Thaïlande","6126","Valeur","22013","PIB par habitant, ($ PPA internationaux constants de 2011)","2017","2017","I$","16277.7","X","Sources internationales sûres"
"FS","Données de la sécurité alimentaire","176","Timor-Leste","6126","Valeur","22013","PIB par habitant, ($ PPA internationaux constants de 2011)","2017","2017","I$","6570.1","X","Sources internationales sûres"
"FS","Données de la sécurité alimentaire","217","Togo","6126","Valeur","22013","PIB par habitant, ($ PPA internationaux constants de 2011)","2017","2017","I$","1429.8","X","Sources internationales sûres"
"FS","Données de la sécurité alimentaire","219","Tonga","6126","Valeur","22013","PIB par habitant, ($ PPA internationaux constants de 2011)","2017","2017","I$","5425.6","X","Sources internationales sûres"
"FS","Données de la sécurité alimentaire","220","Trinité-et-Tobago","6126","Valeur","22013","PIB par habitant, ($ PPA internationaux constants de 2011)","2017","2017","I$","28763.1","X","Sources internationales sûres"
"FS","Données de la sécurité alimentaire","222","Tunisie","6126","Valeur","22013","PIB par habitant, ($ PPA internationaux constants de 2011)","2017","2017","I$","10849.3","X","Sources internationales sûres"
"FS","Données de la sécurité alimentaire","213","Turkménistan","6126","Valeur","22013","PIB par habitant, ($ PPA internationaux constants de 2011)","2017","2017","I$","16389","X","Sources internationales sûres"
"FS","Données de la sécurité alimentaire","223","Turquie","6126","Valeur","22013","PIB par habitant, ($ PPA internationaux constants de 2011)","2017","2017","I$","25129.3","X","Sources internationales sûres"
"FS","Données de la sécurité alimentaire","227","Tuvalu","6126","Valeur","22013","PIB par habitant, ($ PPA internationaux constants de 2011)","2017","2017","I$","3575.1","X","Sources internationales sûres"
"FS","Données de la sécurité alimentaire","230","Ukraine","6126","Valeur","22013","PIB par habitant, ($ PPA internationaux constants de 2011)","2017","2017","I$","7894.4","X","Sources internationales sûres"
"FS","Données de la sécurité alimentaire","234","Uruguay","6126","Valeur","22013","PIB par habitant, ($ PPA internationaux constants de 2011)","2017","2017","I$","20551.4","X","Sources internationales sûres"
"FS","Données de la sécurité alimentaire","155","Vanuatu","6126","Valeur","22013","PIB par habitant, ($ PPA internationaux constants de 2011)","2017","2017","I$","2921.9","X","Sources internationales sûres"
"FS","Données de la sécurité alimentaire","237","Viet Nam","6126","Valeur","22013","PIB par habitant, ($ PPA internationaux constants de 2011)","2017","2017","I$","6171.9","X","Sources internationales sûres"
"FS","Données de la sécurité alimentaire","251","Zambie","6126","Valeur","22013","PIB par habitant, ($ PPA internationaux constants de 2011)","2017","2017","I$","3689.3","X","Sources internationales sûres"
"FS","Données de la sécurité alimentaire","181","Zimbabwe","6126","Valeur","22013","PIB par habitant, ($ PPA internationaux constants de 2011)","2017","2017","I$","1899.8","X","Sources internationales sûres"
